{"cameraMode":{"drawMode":0,"name":"Shaded","section":"Shading Mode"},"sceneLighting":true,"audioPlay":false,"sceneViewState":{"m_AlwaysRefresh":false,"showFog":true,"showSkybox":true,"showFlares":false,"showImageEffects":true,"showParticleSystems":true,"showVisualEffectGraphs":true,"m_FxEnabled":true},"in2DMode":false,"pivot":{"x":-11.697416305541993,"y":4.480376243591309,"z":5.280271053314209},"rotation":{"x":0.15159545838832856,"y":-0.6856673359870911,"z":0.14905448257923127,"w":0.6964114308357239},"size":100.36554718017578,"orthographic":true}